Face Location,Face Encoding
"(236, 442, 391, 287)","[-0.1098638   0.09485661  0.02192612  0.00581002 -0.03023834 -0.05283531
  0.02798207 -0.05973937  0.22940667 -0.10729793  0.26408058 -0.01075582
 -0.21957621 -0.08352647 -0.05211221  0.08779491 -0.13231951 -0.14578336
 -0.09543467 -0.10104452  0.04242107  0.01774512 -0.01483713  0.05688941
 -0.12294389 -0.28766662 -0.04049058 -0.13713637  0.11473468 -0.11585989
  0.04579775  0.07563163 -0.14932026 -0.07449611  0.0246384   0.05807557
  0.00138911 -0.02994095  0.27753779  0.00299116 -0.13397662 -0.03348269
  0.03869141  0.2996085   0.15584056  0.03740276  0.01051696 -0.14936259
  0.12449592 -0.18679161  0.03604792  0.16445893  0.12734655  0.10118916
  0.06239067 -0.21266104  0.02594268  0.10753062 -0.24239522  0.12488138
 -0.00462984 -0.0446236  -0.06469253 -0.01477141  0.2004607   0.04025882
 -0.12330783 -0.12212962  0.21152984 -0.20247522 -0.0319538   0.17929438
 -0.08435942 -0.2067157  -0.21548523  0.02406828  0.48111331  0.18732171
 -0.1662347   0.01965903 -0.06187043 -0.13242915  0.0680866   0.13151984
 -0.10572554 -0.04361545 -0.05661684  0.03927312  0.1752741   0.09531387
 -0.08503399  0.20705667  0.01778228  0.04378565 -0.00307639  0.01095714
 -0.10457332  0.00203175 -0.10584534 -0.10397426  0.03892128 -0.06533201
  0.01136669  0.08012377 -0.15549284  0.16311118  0.01763825  0.00615201
 -0.00132698  0.05026351 -0.04554116  0.0166079   0.18471366 -0.25637418
  0.21080956  0.14828818  0.09251702  0.15598428  0.06880082  0.05611472
  0.05171986 -0.06925498 -0.17843033 -0.05176049 -0.01770119 -0.0733846
  0.13204952  0.00116323]"
